1.0091,1.0864,1.1935,1.2006,1.1217,1.1445,1.1252,1.0776,1.0332,0.85668
0.98992,1.0832,1.063,1.0238,0.97867,0.99462,1.0747,1.026,0.95105,0.8684
1.0089,1.0008,0.83127,0.64821,0.52891,0.35608,0.28416,0.13519,-0.053018,-0.18956
0.97343,0.84979,0.30509,-0.23502,-0.51027,-0.77367,-0.90524,-1.0246,-1.1655,-1.2331
0.88104,0.85605,0.63544,0.50814,0.33387,0.27783,0.25097,0.13662,0.064476,-0.048198
1.0267,1.0969,1.1426,1.0391,1.0216,0.92854,0.92517,0.85107,0.70142,0.58749
0.99634,1.0096,0.852,0.7092,0.43916,0.29741,0.037681,-0.090285,-0.1427,-0.36667
1.0075,1.1351,1.4346,1.7683,1.9687,2.0509,2.1334,2.0951,2.029,1.9359
1.0166,0.95769,0.5424,-0.069589,-0.38214,-0.70589,-0.93835,-1.0272,-1.1962,-1.366
1.0179,1.121,1.4466,1.6617,1.6971,1.69,1.6994,1.6541,1.5302,1.3804
0.91541,0.84104,0.38886,-0.1244,-0.50723,-0.58215,-0.57985,-0.67803,-0.82222,-0.90631
0.88551,0.87719,1.1551,1.4342,1.6149,1.7227,1.8467,1.8739,1.7701,1.7219
0.86688,0.81403,0.74475,0.53263,0.32655,0.18018,0.020403,-0.050779,-0.13209,-0.37997
0.90423,0.85253,0.93361,0.95184,0.91991,0.86899,0.7552,0.78015,0.70789,0.50872
0.75493,0.66617,0.73861,0.88506,0.98543,1.0204,1.0306,1.1029,1.0793,0.96902
0.72848,0.65319,0.81193,0.90723,1.0426,1.0185,0.98241,0.99695,0.86709,0.74063
0.94094,0.9367,0.90518,0.80252,0.61681,0.48297,0.31116,0.1301,-0.07237,-0.24511
0.87971,0.86526,0.74687,0.64825,0.53446,0.48057,0.45634,0.3727,0.27529,0.12586
1.0214,1.0588,1.0127,0.82476,0.58829,0.50543,0.45665,0.36853,0.29333,0.14563
0.92326,0.9175,0.69057,0.44668,0.22647,0.20162,0.15931,0.063259,0.012473,-0.11154
0.93129,0.81608,0.27319,-0.23436,-0.51002,-0.67458,-0.76309,-0.8791,-0.9577,-1.0538
0.99958,1.0509,1.3472,1.5912,1.6269,1.6872,1.6964,1.6381,1.5264,1.3751
0.95827,1.0203,0.97946,0.99863,0.99,1.0356,1.1121,1.0841,1.0483,0.97552
0.95059,0.99786,0.93696,0.96773,0.99077,1.057,1.1685,1.1336,1.0754,1.0134
0.97087,0.95297,0.59009,0.1814,-0.10979,-0.18639,-0.21406,-0.27329,-0.33448,-0.44676
0.99261,1.0957,1.2085,1.2553,1.302,1.3529,1.4312,1.4003,1.3247,1.2078
0.97357,0.96663,0.8038,0.52682,0.3679,0.21678,0.1181,-0.040274,-0.22042,-0.3805
1.0061,1.1169,1.3978,1.6354,1.7805,1.8583,1.913,1.8503,1.7587,1.6357
1.0025,1.1377,1.2869,1.3243,1.3842,1.3915,1.4676,1.4398,1.3906,1.2819
0.96115,0.96389,0.73605,0.40405,0.24744,0.11527,0.070569,-0.061745,-0.20732,-0.31916
0.93169,1.0387,1.304,1.6581,1.934,2.101,2.2587,2.327,2.3823,2.2885
1.0126,1.0888,1.2928,1.4693,1.4848,1.5663,1.6579,1.5978,1.4883,1.3681
0.96101,0.99806,1.1694,1.3648,1.3614,1.4575,1.5447,1.4828,1.3535,1.2397
1.0015,1.1122,1.2605,1.3626,1.3887,1.3802,1.4434,1.3746,1.2884,1.1983
0.96513,0.99696,1.128,1.2774,1.3238,1.3835,1.4153,1.3523,1.2371,1.1156
1.0222,0.98014,0.90945,0.73096,0.48686,0.29499,0.028731,-0.1033,-0.17044,-0.43908
0.89456,0.70592,0.08088,-0.42216,-0.75276,-0.83858,-0.87464,-0.85344,-0.90976,-0.96505
0.90377,0.83691,0.70081,0.65924,0.58926,0.58925,0.61805,0.5365,0.38963,0.29158
0.97771,0.98781,0.80083,0.62043,0.50813,0.45542,0.44603,0.41044,0.3423,0.24826
1.0661,1.1758,1.4357,1.48,1.3989,1.389,1.3845,1.3168,1.1937,1.0362
0.88705,0.8151,0.42376,-0.02332,-0.20554,-0.30494,-0.29172,-0.3918,-0.50757,-0.62238
1.0333,1.0421,0.97824,0.8293,0.6427,0.53505,0.35036,0.14377,-0.035519,-0.24119
0.92616,1.0536,1.2616,1.5683,1.7469,1.8949,2.0629,2.0835,2.0868,2.0005
0.97383,1.0008,0.94678,0.96838,0.98432,0.90958,0.88308,0.78275,0.66921,0.56477
1.0161,1.1623,1.5276,1.8623,2.0862,2.2351,2.4174,2.4196,2.3504,2.2446
0.8907,0.72425,0.49455,0.31881,0.12032,-0.052994,-0.31986,-0.42769,-0.55802,-0.71652
0.97441,1.0286,0.98154,0.97972,0.99854,1.0292,1.1554,1.081,0.95599,0.9013
0.94863,0.94957,0.76241,0.64685,0.60599,0.56979,0.59665,0.58079,0.52717,0.46753
0.93229,0.85537,0.55444,0.29066,0.019631,-0.1005,-0.16243,-0.25159,-0.3722,-0.50391
0.99178,1.0637,1.2107,1.2421,1.2484,1.2139,1.2031,1.1086,1.0004,0.84847
0.96351,0.97299,0.78967,0.57176,0.428,0.41643,0.51527,0.38376,0.20746,0.1135
1.055,1.0844,1.1253,1.0577,0.88881,0.75767,0.53835,0.43031,0.3274,0.11974
1.0198,1.1647,1.4779,1.627,1.7328,1.7359,1.7908,1.7466,1.6166,1.4775
0.93285,0.88066,0.56706,0.22898,-0.11396,-0.24247,-0.32779,-0.46402,-0.60424,-0.79535
0.98394,1.0734,1.4174,1.7441,1.9025,2.0026,2.1452,2.1492,2.043,1.9494
0.91556,0.96533,0.8679,0.84957,0.87042,0.85985,0.87059,0.79068,0.72024,0.58894
0.96959,0.93902,0.94006,0.92126,0.78778,0.72174,0.6318,0.5169,0.35771,0.15999
0.92023,0.94953,1.0404,0.96796,0.9549,0.90474,0.90065,0.84732,0.73238,0.59263
0.95047,0.99701,1.2935,1.504,1.5928,1.541,1.4605,1.379,1.217,1.0314
1.0132,1.0076,0.91578,0.76897,0.67722,0.49228,0.34512,0.23516,0.089092,-0.045804
1.0283,1.1186,1.423,1.6927,1.8453,1.9169,2.0186,2.0062,1.8957,1.8107
1.0057,1.1202,1.3301,1.4722,1.5093,1.4806,1.4386,1.3656,1.2781,1.1496
0.83267,0.76621,0.75911,0.73655,0.74385,0.66,0.55737,0.51114,0.4208,0.25337
0.9741,0.97688,1.015,1.0181,0.91263,0.83895,0.77034,0.69716,0.61708,0.4584
1.0262,1.1576,1.5715,1.9478,2.1881,2.304,2.3954,2.4104,2.3884,2.2861
0.91091,0.95959,1.2975,1.5597,1.7252,1.756,1.7638,1.7896,1.7419,1.6066
0.94262,1.0765,1.3569,1.7079,1.9714,2.0931,2.2261,2.2412,2.2056,2.1478
0.93442,0.87202,0.48792,0.16442,-0.002103,-0.091879,-0.077198,-0.15145,-0.23587,-0.32241
0.87766,0.88819,0.85168,0.87419,0.82018,0.8926,0.91749,0.84746,0.7476,0.61061
0.94038,0.89986,0.53765,0.056292,-0.24585,-0.44733,-0.65252,-0.74891,-0.82389,-1.0204
0.98947,1.1133,1.4754,1.5957,1.7142,1.6805,1.7348,1.7027,1.5477,1.413
0.92746,0.89656,0.97103,1.0663,1.0404,1.0457,0.96812,0.85066,0.76456,0.62697
0.94065,0.85227,0.47258,0.12428,-0.16907,-0.22713,-0.24803,-0.2403,-0.33468,-0.42718
0.93261,0.94616,0.98814,1.096,1.0619,1.1304,1.194,1.145,1.0234,0.92254
0.89015,0.70479,0.26176,-0.1043,-0.42118,-0.53051,-0.64342,-0.72158,-0.81944,-0.93361
0.98479,1.0038,0.90044,0.82429,0.73752,0.75711,0.84132,0.81272,0.69534,0.61888
0.94075,1.046,1.3406,1.6717,1.8694,2.0673,2.2356,2.2603,2.2629,2.1979
0.74685,0.68667,0.81027,0.95129,1.0744,1.0939,1.0805,1.1247,1.0797,0.93145
0.98332,0.98421,0.82406,0.66905,0.52741,0.49586,0.51084,0.48251,0.37171,0.28032
1.0307,1.0277,1.0425,1.0315,0.8992,0.76056,0.55029,0.40211,0.28822,0.08283
1.0044,1.1098,1.1722,1.1564,1.1455,1.1243,1.1561,1.075,0.97354,0.86302
0.94133,0.87088,0.44623,0.0399,-0.24257,-0.35482,-0.42835,-0.51609,-0.61616,-0.71747
0.92103,1.0024,1.1476,1.2199,1.3232,1.3464,1.4089,1.3779,1.3134,1.1617
0.92324,0.77337,0.53583,0.2572,0.10028,-0.12941,-0.42109,-0.55605,-0.6838,-0.83265
0.82556,0.74351,0.88311,1.04,1.1269,1.0693,0.96936,0.95955,0.85937,0.75409
1.0218,0.99737,0.67877,0.16547,-0.18809,-0.43433,-0.66069,-0.83172,-1.0084,-1.1959
0.78877,0.70645,0.78528,0.93532,1.056,1.0663,1.0235,1.1012,1.1134,0.94801
1.0052,1.1222,1.2832,1.4597,1.5637,1.6146,1.7094,1.6621,1.5813,1.4776
1.0072,1.1264,1.3434,1.4316,1.4462,1.4717,1.5185,1.5067,1.4511,1.3131
0.98888,1.1229,1.4548,1.837,2.0572,2.2474,2.446,2.4293,2.398,2.3468
0.88519,0.64865,-0.045024,-0.53361,-0.68842,-0.88311,-0.95883,-0.99226,-1.067,-1.0848
0.91277,0.75384,0.21221,-0.22652,-0.53833,-0.67954,-0.80661,-0.85127,-0.91346,-0.99381
0.98876,1.0423,1.2076,1.3661,1.3919,1.4341,1.4326,1.3717,1.2849,1.1513
0.9758,0.93943,0.74369,0.51416,0.30164,0.15855,0.003587,-0.080734,-0.13941,-0.30871
1.0031,1.0942,1.3937,1.673,1.8589,1.9693,2.0794,2.0363,1.9256,1.8223
0.91429,0.93597,0.83168,0.78073,0.60975,0.6534,0.64823,0.59485,0.54445,0.42026
0.914,0.85135,0.59305,0.21832,-0.12659,-0.22854,-0.38575,-0.53647,-0.65904,-0.85289
0.97508,1.0458,1.1519,1.1331,1.0689,0.9849,0.92204,0.86598,0.77502,0.61208
1.1006,1.1855,1.3864,1.4071,1.2766,1.2032,1.0471,0.95133,0.83945,0.65893
0.99773,0.99329,1.0835,1.0484,0.97034,0.86068,0.72485,0.6298,0.54826,0.31824
1.0157,1.1387,1.2954,1.394,1.4645,1.5004,1.6171,1.5726,1.4975,1.4154
1.0111,1.0742,1.3019,1.3865,1.357,1.2592,1.1458,1.0938,1.0154,0.85544
1.0363,1.1177,1.2667,1.3854,1.3992,1.498,1.6088,1.6043,1.523,1.4313
1.0178,1.0496,1.079,0.95474,0.82754,0.72189,0.60845,0.49699,0.39995,0.18721
0.89442,0.84259,0.88034,0.87367,0.82007,0.76481,0.61952,0.59498,0.54393,0.34351
1.0813,1.1702,1.4438,1.5601,1.5863,1.6041,1.5881,1.5087,1.3878,1.2376
1.0722,1.2648,1.6625,1.8468,1.8723,1.8944,1.9182,1.8674,1.7471,1.6173
0.91808,0.81863,0.34368,-0.17488,-0.54835,-0.67171,-0.76824,-0.8503,-0.94131,-1.0844
1.0279,1.0277,0.96178,0.74461,0.46612,0.269,0.024006,-0.10439,-0.20948,-0.41447
0.96983,0.99946,1.031,1.0535,1.0276,1.0336,1.0288,0.96212,0.88113,0.76837
0.78063,0.49283,0.050491,-0.26826,-0.53542,-0.68165,-0.89087,-1.0571,-1.2324,-1.3733
0.94757,1.0288,1.1667,1.1742,1.2181,1.2042,1.2109,1.1899,1.1292,0.98267
1.025,1.1539,1.3259,1.421,1.4729,1.4839,1.5253,1.4694,1.3933,1.2523
0.99114,1.1101,1.3268,1.3827,1.4025,1.3746,1.393,1.3626,1.2615,1.093
0.95966,1.0084,1.2347,1.2755,1.2681,1.2288,1.1782,1.1324,1.0271,0.87711
0.96486,0.97771,0.99729,1.0761,1.1004,1.0861,1.0471,0.93753,0.84196,0.69778
0.94038,0.89874,0.90643,0.84586,0.80592,0.75114,0.64216,0.61802,0.50533,0.3322
1.0158,1.0713,1.1262,1.0485,1.0678,0.91761,0.8363,0.75244,0.625,0.51648
1.0021,1.0342,0.9077,0.68821,0.59714,0.41742,0.33209,0.22328,0.098219,-0.014065
0.92089,0.99746,1.0812,1.3192,1.406,1.5743,1.706,1.6749,1.6458,1.5611
1.0123,1.0413,0.89385,0.74052,0.6102,0.53469,0.56665,0.51222,0.35596,0.26117
0.94917,0.91786,0.89619,0.98223,0.89235,0.85174,0.66827,0.55419,0.47993,0.30836
0.99171,1.023,0.93466,0.80361,0.80581,0.65541,0.59353,0.49346,0.38494,0.30826
1.0055,0.96375,0.66547,0.25386,-0.18579,-0.41339,-0.74425,-0.94095,-1.0513,-1.277
1.0147,1.0832,1.2538,1.1255,1.0327,0.86483,0.71147,0.55073,0.36388,0.19153
1.04,1.0584,1.0314,0.84288,0.55226,0.39204,0.12588,-0.029218,-0.16052,-0.38259
0.99376,0.96265,0.83586,0.49433,0.082778,-0.14151,-0.46132,-0.60253,-0.71816,-0.94163
0.79762,0.6917,0.56651,0.37187,0.17548,0.022083,-0.15939,-0.26489,-0.42824,-0.64403
1.0027,1.0584,1.0413,0.92708,0.87119,0.76094,0.70083,0.62616,0.52796,0.39918
0.93892,0.87376,0.47148,0.0393,-0.26908,-0.48639,-0.70385,-0.86945,-0.98094,-1.1304
0.95457,1.0044,1.2168,1.347,1.3054,1.2242,1.1285,1.0755,0.97698,0.80388
0.98453,0.95223,0.81248,0.51071,0.18114,-0.038337,-0.28168,-0.39629,-0.51084,-0.75135
0.91557,0.91549,1.0631,1.1076,1.0982,1.0277,0.89684,0.87164,0.83266,0.62059
0.85727,0.83964,0.83538,0.80758,0.80917,0.76485,0.70592,0.64619,0.57461,0.41348
0.8656,0.85284,1.0159,1.1741,1.2095,1.1035,0.93395,0.88732,0.83455,0.62642
1.0596,1.1132,1.2223,1.2346,1.1057,1.0356,0.93066,0.84936,0.75357,0.58377
0.8901,0.87901,0.75663,0.72647,0.6184,0.60873,0.58719,0.472,0.37746,0.23977
1.0607,1.1411,1.3033,1.3156,1.2335,1.0742,0.91888,0.81709,0.70491,0.50307
1.0139,1.0565,1.1419,1.0744,0.99973,0.85662,0.73447,0.60546,0.41673,0.25351
0.9737,0.92882,0.67008,0.36533,0.11041,-0.057364,-0.19224,-0.30428,-0.39804,-0.54274
0.83296,0.77025,0.72148,0.75005,0.7209,0.66383,0.53976,0.54422,0.53541,0.3501
0.97859,0.98477,0.85524,0.70187,0.4787,0.41994,0.35697,0.26509,0.188,0.0080708
0.89212,0.89841,0.98583,1.0413,1.0361,1.0181,1.0091,0.90324,0.74098,0.64184
1.0172,1.156,1.438,1.5532,1.6231,1.6726,1.7284,1.7024,1.6191,1.483
0.92726,0.94374,1.0727,1.1492,1.1204,1.06,0.99926,0.94975,0.87339,0.72321
0.98139,1.0011,0.98292,0.85529,0.72775,0.53994,0.3814,0.25962,0.13142,-0.066254
0.91598,0.93681,1.0932,1.2738,1.366,1.3868,1.3734,1.3681,1.3371,1.2025
1.0099,1.1096,1.4442,1.766,1.9797,2.0753,2.1617,2.1323,2.0723,1.9828
0.93049,0.96208,1.0144,1.0418,1.0325,0.96288,0.91513,0.84744,0.7388,0.58241
0.9558,0.93352,0.97701,1.0095,0.89126,0.88375,0.90087,0.78252,0.62045,0.49212
1.0165,1.0585,1.0301,0.80055,0.65837,0.47699,0.36981,0.26497,0.13147,-0.014943
0.98277,1.0267,0.94677,0.6777,0.42366,0.32706,0.23728,0.12754,-0.010708,-0.17861
0.98868,0.99082,0.76612,0.48976,0.31125,0.1795,0.10885,-0.023526,-0.18283,-0.35329
0.96162,1.0617,1.3458,1.5466,1.661,1.7006,1.7821,1.7203,1.5878,1.4773
1.043,1.1228,1.3955,1.6282,1.6918,1.73,1.7382,1.6658,1.5565,1.4302
0.95728,1.0192,1.1225,1.1444,1.1347,1.1249,1.0691,1.0341,1.0215,0.83648
1.0146,1.1129,1.3547,1.5577,1.6444,1.6792,1.7094,1.6767,1.6004,1.469
0.99703,1.0416,1.0753,0.99714,0.87125,0.73365,0.61108,0.5232,0.43711,0.25044
0.96707,1.0389,1.1901,1.3257,1.3591,1.3357,1.3163,1.2556,1.1864,1.0585
1.0081,1.0581,1.0679,0.99191,0.95214,0.90827,0.973,0.89818,0.74715,0.64688
1.0015,1.0173,0.86251,0.54299,0.44411,0.3148,0.29425,0.21855,0.078159,-0.049335
1.0092,1.097,1.1954,1.1701,1.1494,1.1263,1.1308,1.0776,1.011,0.85359
1.0309,1.1203,1.4035,1.6064,1.6199,1.6602,1.7592,1.7058,1.5541,1.4395
1.0178,1.0728,1.2636,1.4243,1.4678,1.4371,1.4144,1.3216,1.1842,1.0537
0.99706,1.0421,1.2213,1.4359,1.5074,1.5285,1.5458,1.4402,1.2989,1.1917
1.0138,1.1481,1.2867,1.3296,1.2981,1.3483,1.4898,1.4712,1.3764,1.2635
0.97772,1.0786,1.4374,1.6843,1.7933,1.7922,1.7836,1.7489,1.6523,1.4944
0.88675,0.79789,0.57386,0.53561,0.32938,0.3839,0.33255,0.23546,0.13168,-0.0043701
1.0095,1.004,0.75911,0.46019,0.2658,0.13041,0.029448,-0.066792,-0.17041,-0.28215
1.0254,1.136,1.2776,1.3266,1.2507,1.2495,1.2808,1.2474,1.1715,1.0276
0.97961,1.0644,1.0933,1.1137,1.138,1.2017,1.281,1.2277,1.1683,1.0659
1.028,1.1056,1.4027,1.6871,1.7396,1.789,1.78,1.6939,1.5737,1.4281
0.9452,0.95239,1.0515,1.1788,1.2939,1.2756,1.2218,1.1341,1.0648,0.90413
0.98847,1.0253,1.0928,1.184,1.2036,1.1185,1.0307,0.9163,0.79307,0.67034
1.0176,1.0172,0.91742,0.61932,0.4662,0.25113,0.096152,-0.001312,-0.16476,-0.30576
1.0347,1.2003,1.4577,1.5282,1.6305,1.6424,1.7574,1.7099,1.5707,1.4715
1.0072,1.0474,1.3356,1.5198,1.4463,1.4322,1.3653,1.261,1.0887,0.92108
0.89422,0.8864,0.67291,0.45529,0.25256,0.19349,0.19412,0.10595,0.0094482,-0.16328
1.0073,1.1079,1.353,1.5654,1.6406,1.7004,1.7792,1.7378,1.6525,1.5532
1.0294,1.1144,1.2828,1.4247,1.4908,1.4966,1.5619,1.4985,1.3832,1.2764
0.93347,0.88551,0.61597,0.37067,0.19575,0.057623,-0.089664,-0.28179,-0.41299,-0.59865
0.94167,0.82075,0.54743,0.2448,-0.017394,-0.19634,-0.4176,-0.52013,-0.67928,-0.84833
0.97585,0.89098,0.58367,0.19014,0.015403,-0.25353,-0.36825,-0.48181,-0.66072,-0.76508
0.93237,0.83651,0.54493,0.25531,-0.015626,-0.17699,-0.38182,-0.47357,-0.58247,-0.77467
0.96302,0.87147,0.72395,0.56516,0.32636,0.19462,0.026741,-0.11946,-0.31484,-0.47501
0.97185,0.8274,0.19065,-0.50722,-0.90078,-1.1371,-1.2682,-1.3307,-1.4639,-1.5988
0.80619,0.74417,0.6913,0.67833,0.67557,0.66984,0.64441,0.6402,0.58363,0.44186
0.99004,0.92199,0.66897,0.36112,0.019382,-0.16811,-0.35028,-0.4668,-0.63816,-0.83368
0.94398,0.89503,0.61287,0.47667,0.16659,0.083135,-0.10752,-0.2722,-0.37386,-0.54917
0.9875,0.8382,0.19705,-0.52312,-0.93245,-1.2487,-1.4551,-1.5339,-1.656,-1.7946
0.95339,0.92415,0.71799,0.58267,0.40926,0.31718,0.19462,0.077965,-0.0047943,-0.14008
0.97029,0.91285,0.84106,0.66309,0.53522,0.29756,0.10711,-0.067641,-0.30688,-0.48437
1.0342,1.0626,1.153,1.0854,0.94058,0.77651,0.59429,0.49507,0.34206,0.15603
0.99895,1.0035,0.8359,0.56136,0.4207,0.19246,0.02034,-0.10154,-0.24733,-0.40586
0.90278,0.87535,0.81449,0.82227,0.69101,0.60619,0.47101,0.3618,0.29682,0.087655
0.96872,0.84607,0.26295,-0.46678,-0.88193,-1.1585,-1.3705,-1.4871,-1.6086,-1.7629
1.0411,0.98985,0.62136,0.113,-0.20038,-0.51753,-0.76704,-0.94163,-1.1221,-1.2982
0.97422,0.86477,0.35149,-0.14079,-0.48895,-0.6633,-0.75123,-0.8309,-0.95685,-1.0738
0.9286,0.81641,0.32114,-0.17498,-0.58156,-0.83619,-1.1167,-1.2859,-1.3573,-1.5608
0.96873,0.91088,0.59222,0.14369,-0.16217,-0.37897,-0.54743,-0.70351,-0.82873,-1.0269
0.95355,0.92951,0.81011,0.56762,0.353,0.16582,0.03044,-0.13134,-0.34327,-0.50533
0.96339,0.83297,0.33904,-0.16079,-0.5082,-0.78339,-1.0428,-1.1911,-1.2879,-1.4331
0.94182,0.87426,0.593,0.30373,0.038523,-0.15934,-0.32166,-0.44022,-0.57595,-0.7251
1.0213,1.0076,0.85544,0.428,0.20889,-0.061522,-0.22383,-0.39055,-0.63271,-0.80177
0.87277,0.82625,0.68744,0.44719,0.28056,0.092254,-0.05326,-0.19609,-0.38182,-0.57539
0.87493,0.86669,0.89231,0.75719,0.62218,0.47506,0.32865,0.21693,0.048195,-0.16126
0.074052,-0.48472,-0.8419,-0.79639,-0.90937,-1.146,-1.6413,-2.0191,-2.4599,-2.7119
0.41903,0.14829,-0.1735,-0.20535,-0.27527,-0.44056,-0.7364,-1.0061,-1.2718,-1.4872
0.27731,-0.33388,-0.86354,-1.1917,-1.4587,-1.8758,-2.5158,-2.8938,-3.2926,-3.5938
0.056902,-0.61672,-1.1806,-1.3254,-1.5376,-1.7616,-2.2921,-2.6712,-3.0801,-3.3163
0.68776,0.54324,0.19613,0.084508,-0.084372,-0.2138,-0.4402,-0.63098,-0.72244,-0.93774
0.9727,0.92846,0.69436,0.36644,0.067965,-0.13938,-0.27441,-0.45874,-0.65347,-0.82362
1.0043,0.99211,0.90558,0.67527,0.47767,0.2478,0.067157,-0.076615,-0.25466,-0.43268
0.80842,0.66828,0.55168,0.43085,0.25354,0.10736,-0.048993,-0.13694,-0.29506,-0.47214
0.85263,0.76321,0.38262,0.013323,-0.2261,-0.43221,-0.62722,-0.78053,-0.89576,-1.0717
0.97019,1.0089,1.0442,0.93237,0.82526,0.70786,0.58083,0.49062,0.35578,0.15281
0.95801,0.96046,0.9244,0.70191,0.54102,0.37689,0.25382,0.13506,-0.048749,-0.2386
0.87926,0.84956,0.80891,0.91046,0.91304,0.9314,0.88717,0.8309,0.76998,0.63606
0.62721,0.40553,-0.05377,-0.17001,-0.3919,-0.56405,-0.87136,-1.1177,-1.2474,-1.4551
0.16998,-0.75836,-1.3802,-2.0291,-2.2365,-2.6227,-3.1488,-3.3073,-3.6643,-3.8474
0.96822,0.86272,0.36495,-0.085683,-0.29907,-0.47811,-0.50289,-0.64728,-0.8303,-0.91336
0.9154,0.79015,0.21477,-0.28578,-0.61786,-0.77046,-0.9044,-1.0081,-1.106,-1.2436
0.91286,0.83526,0.62925,0.51973,0.27658,0.22454,0.084059,-0.028023,-0.11225,-0.27413
0.97212,0.93832,0.68545,0.41952,0.21308,0.12025,0.15325,0.058983,-0.090541,-0.18482
0.94255,0.94087,0.83014,0.80814,0.71113,0.69746,0.65908,0.53209,0.43756,0.28019
0.95953,0.97075,0.95155,0.80509,0.64432,0.54433,0.40572,0.28145,0.20408,0.04773
0.97827,0.93345,0.87451,0.82485,0.6559,0.57482,0.47254,0.28819,0.069331,-0.075518
0.99322,0.89403,0.47747,-0.0021695,-0.34772,-0.61107,-0.82236,-0.95098,-1.0819,-1.2458
0.95655,0.88416,0.71351,0.49833,0.28903,0.11195,-0.10294,-0.17574,-0.29877,-0.46322
0.96727,0.88048,0.42644,0.022617,-0.21114,-0.37835,-0.49998,-0.56133,-0.61759,-0.71353
0.98194,0.86429,0.35759,-0.11792,-0.43823,-0.65455,-0.81892,-0.93677,-1.0466,-1.1633
0.89265,0.81314,0.56674,0.45657,0.27722,0.28038,0.27806,0.15893,0.024587,-0.083893
1.0222,0.99054,0.70953,0.26611,0.0555,-0.20758,-0.39221,-0.43437,-0.55828,-0.70071
0.97067,0.89609,0.41905,-0.093041,-0.41869,-0.57536,-0.67681,-0.75979,-0.86245,-0.98929
0.96163,0.91679,0.62767,0.43091,0.15773,0.073481,0.011298,-0.15634,-0.36202,-0.50983
1.0031,1.0052,0.83706,0.57293,0.42075,0.31807,0.31629,0.21136,0.039179,-0.078457
1.0158,1.0313,1.0237,0.90295,0.73947,0.62228,0.52317,0.43925,0.2841,0.11165
0.98977,1.0115,0.93088,0.72286,0.52842,0.3934,0.255,0.15677,0.051788,-0.1502
0.95484,0.92387,0.78447,0.63681,0.42978,0.34959,0.26047,0.12839,-0.032311,-0.20403
0.94733,0.91298,0.7889,0.74918,0.66337,0.56083,0.46577,0.35331,0.22777,0.092105
0.99284,0.94328,0.66134,0.2342,-0.052391,-0.26459,-0.38613,-0.50985,-0.7261,-0.90895
0.90185,0.89578,0.73025,0.5991,0.48095,0.40715,0.34708,0.24247,0.16789,0.0050345
0.988,0.86965,0.36308,-0.25778,-0.62677,-0.8849,-1.051,-1.0949,-1.2156,-1.3322
0.99939,0.9724,0.85593,0.6441,0.45634,0.31772,0.2139,0.1181,-0.02178,-0.19281
0.97244,0.97296,0.90645,0.71094,0.51521,0.31944,0.14742,-0.041734,-0.25892,-0.45176
0.91381,0.85,0.47027,0.032988,-0.28353,-0.46214,-0.56826,-0.74604,-0.96159,-1.1271
0.89209,0.76748,0.49493,0.38312,0.18228,0.12863,-0.03821,-0.13642,-0.21635,-0.36754
1.0051,1.0265,0.99732,0.88846,0.66975,0.5441,0.41617,0.2999,0.17893,0.0043763
1.0204,0.97947,0.83353,0.5057,0.13386,-0.075105,-0.3845,-0.52404,-0.64933,-0.93082
0.94759,0.84013,0.32072,-0.25016,-0.60939,-0.80101,-0.93671,-1.0026,-1.1081,-1.2583
0.92442,0.76582,0.11148,-0.49149,-0.79363,-1.0174,-1.0987,-1.207,-1.3314,-1.406
0.95841,0.88549,0.67195,0.47556,0.26594,0.14896,0.024819,-0.052417,-0.18815,-0.32676
0.92943,0.92885,0.77495,0.51234,0.36116,0.1983,0.063135,-0.066584,-0.19253,-0.36137
0.85397,0.67758,0.39325,0.21828,-0.022073,-0.15299,-0.40117,-0.61555,-0.78297,-0.93464
0.58351,-0.0034334,-0.62474,-1.2687,-1.6633,-2.1931,-2.9259,-3.2819,-3.5857,-3.892
0.88067,0.75514,0.60124,0.41977,0.22013,-0.077415,-0.38028,-0.6262,-0.8667,-1.086
0.60439,0.39061,-0.022541,-0.1495,-0.29596,-0.43563,-0.71561,-0.95211,-1.0869,-1.3093
0.69723,0.49005,0.099908,-0.12921,-0.37393,-0.52774,-0.80918,-1.017,-1.1334,-1.3754
0.95184,1.0176,1.1159,1.2263,1.2431,1.2029,1.1601,1.1232,1.1,0.95753
0.74505,0.59621,0.42293,0.2827,0.18804,0.054146,-0.121,-0.19233,-0.30576,-0.47336
0.042609,-0.69809,-1.1855,-1.4431,-1.7696,-2.1323,-2.7727,-3.1054,-3.526,-3.805
-0.0076324,-0.92318,-1.5081,-1.9751,-2.2478,-2.5065,-2.9928,-3.0695,-3.3035,-3.4636
-0.022217,-0.94659,-1.4667,-1.9318,-2.1878,-2.4703,-2.9108,-3.0169,-3.3281,-3.5182
0.95341,0.85382,0.45987,0.095853,-0.16731,-0.32301,-0.47202,-0.56717,-0.66976,-0.79984
0.77139,0.53203,0.33777,0.11553,-0.10816,-0.35419,-0.73576,-0.78322,-0.88293,-1.1021
1.004,1.0853,1.3491,1.4665,1.4977,1.4131,1.3404,1.2565,1.1361,0.95276
0.92936,0.93107,1.0156,0.92444,0.85729,0.77916,0.72377,0.62622,0.4957,0.31124
0.92757,0.92067,0.62291,0.27841,0.15219,0.033163,-0.0096592,-0.13091,-0.21122,-0.31392
0.94334,0.91712,0.91949,0.98423,0.94553,0.83542,0.73061,0.62485,0.47111,0.33324
1.0333,1.0615,1.0324,0.88646,0.70473,0.58053,0.59358,0.47881,0.26166,0.11274
0.98632,0.98825,0.85343,0.58898,0.29377,0.18124,0.11081,0.03975,-0.074327,-0.21998
0.78963,0.68744,0.73759,0.82684,0.80578,0.67732,0.46678,0.33067,0.12409,-0.021459
0.97785,0.92735,0.57846,0.22382,-0.06362,-0.24593,-0.41574,-0.56577,-0.68005,-0.83035
0.97949,1.0401,1.1431,1.2407,1.2811,1.2781,1.2744,1.2219,1.1944,1.0388
0.99433,1.0514,1.0039,0.87438,0.73249,0.59644,0.49688,0.3762,0.28611,0.13595
0.88744,0.88239,1.0672,1.1908,1.2651,1.2612,1.2367,1.2106,1.1075,0.98012
0.98412,0.89783,0.52963,0.069598,-0.31502,-0.52879,-0.75979,-0.83926,-0.92738,-1.0935
1.0082,0.99868,0.71632,0.41464,0.16728,-0.047358,-0.20593,-0.37056,-0.51365,-0.66143
1.0025,0.99419,0.86021,0.70596,0.56215,0.42288,0.27222,0.13963,0.0092099,-0.16129
0.97452,0.95568,0.86323,0.58994,0.40051,0.1791,0.0061032,-0.10945,-0.30582,-0.49207
0.98002,0.9211,0.6177,0.14843,-0.26243,-0.56547,-0.85629,-1.0069,-1.1574,-1.3615
0.98295,0.92311,0.70371,0.53107,0.2649,0.15406,-0.0069241,-0.20138,-0.41866,-0.59509
0.97057,0.92172,0.83216,0.64645,0.418,0.18187,-0.11278,-0.26709,-0.40145,-0.61555
0.99623,0.96352,0.61033,0.1251,-0.16222,-0.35068,-0.46926,-0.54567,-0.65787,-0.81778
0.9816,0.88938,0.5148,-0.037614,-0.28804,-0.54276,-0.6456,-0.71105,-0.88026,-0.98712
0.96022,0.89599,0.50763,-0.003708,-0.36816,-0.56817,-0.70132,-0.8427,-0.99193,-1.1333
0.86271,0.80291,0.84558,0.91382,0.88246,0.82903,0.6996,0.6479,0.583,0.37406
0.97264,0.9522,0.81066,0.56855,0.34504,0.11027,-0.078589,-0.26184,-0.46143,-0.63285
0.97061,0.96936,0.83173,0.51461,0.27178,0.076684,-0.093193,-0.23397,-0.39768,-0.58463
0.87228,0.73123,0.27817,-0.17092,-0.54331,-0.78798,-1.0958,-1.2683,-1.3757,-1.604
0.9362,0.89838,0.85036,0.71479,0.5471,0.43477,0.31546,0.19245,0.071418,-0.1116
1.0053,1.0243,1.0235,0.92808,0.74775,0.61091,0.47394,0.39832,0.29917,0.085865
1.0281,1.0337,0.94304,0.65783,0.27538,0.087289,-0.13323,-0.28711,-0.45694,-0.62384
0.98456,0.84974,0.29599,-0.33377,-0.73125,-0.96711,-1.1066,-1.1679,-1.3017,-1.3975
0.96078,0.79273,0.21567,-0.33534,-0.69058,-1.002,-1.2337,-1.3193,-1.4034,-1.5059
0.95943,0.81387,0.27906,-0.32075,-0.75372,-1.0311,-1.2575,-1.3707,-1.4515,-1.5923
0.9311,0.84712,0.60948,0.41513,0.17498,0.035195,-0.0064637,-0.19491,-0.4795,-0.61625
0.93564,0.7151,0.035564,-0.72246,-1.1484,-1.452,-1.7178,-1.742,-1.8125,-1.9374
0.91216,0.9221,1.0015,1.0275,1.0257,0.95379,0.89871,0.84736,0.76174,0.59544
0.92775,0.82242,0.57495,0.3919,0.17909,0.0018879,-0.18485,-0.31427,-0.43524,-0.57249
0.9484,0.70541,-0.046718,-0.75695,-1.0412,-1.398,-1.637,-1.7076,-1.8206,-1.8742
0.99086,0.81812,0.16193,-0.56498,-1.1183,-1.4519,-1.781,-1.8703,-1.9439,-2.1047
1.0104,1.0151,0.79552,0.5438,0.29304,0.15486,0.042004,-0.083726,-0.21889,-0.3285
0.86529,0.71214,0.21131,-0.29496,-0.73494,-0.98134,-1.2463,-1.3753,-1.4845,-1.6357
1.0003,1.0115,1.0622,1.0052,0.94071,0.77899,0.66977,0.53335,0.38067,0.23106
0.96489,0.97686,0.89349,0.74997,0.61707,0.5672,0.54783,0.4475,0.30183,0.18486
0.95738,0.95095,0.97585,0.9985,0.94002,0.82135,0.63603,0.50905,0.35907,0.20796
1.0017,1.0073,0.95617,0.87945,0.68994,0.60917,0.52634,0.444,0.30543,0.13306
1.0005,1.0276,0.99935,0.86974,0.69688,0.6049,0.57568,0.44505,0.22764,0.066252
0.94421,0.89052,0.61348,0.3823,0.20066,0.11371,0.05316,-0.027307,-0.15005,-0.26281
0.96866,0.97314,0.96726,0.98372,0.98688,0.91774,0.85995,0.77124,0.69787,0.5542
0.85556,0.64039,0.41258,-0.013371,-0.41978,-0.68555,-1.1151,-1.2059,-1.3769,-1.6429
1.0338,1.0308,1.0332,0.86578,0.64121,0.45869,0.21775,0.079264,-0.061258,-0.26086
0.99929,0.99826,0.86529,0.65094,0.37208,0.25294,0.17552,0.051489,-0.16821,-0.31325
0.96987,0.93806,0.78448,0.66611,0.54019,0.41121,0.33471,0.21635,0.046472,-0.085931
0.95337,0.87253,0.67713,0.48866,0.26045,0.083963,-0.096501,-0.20965,-0.37936,-0.56137
0.97024,0.93688,0.85682,0.8466,0.69669,0.5805,0.4167,0.29135,0.16584,0.0099711
1.0422,1.0564,0.89107,0.51072,0.28481,0.055788,-0.10621,-0.21286,-0.3731,-0.53721
1.0195,0.96686,0.70606,0.28341,-0.04368,-0.24484,-0.41199,-0.52365,-0.65779,-0.85733
0.94627,0.81468,0.19156,-0.43581,-0.80928,-1.0274,-1.2208,-1.3502,-1.4334,-1.548
0.99105,0.95938,0.93987,0.89363,0.78582,0.63661,0.44961,0.31263,0.17315,-0.016282
0.80425,0.49794,-0.079067,-0.51071,-0.91165,-1.144,-1.3823,-1.641,-1.9315,-2.0829
0.94989,0.83714,0.3417,-0.14127,-0.37937,-0.57448,-0.64321,-0.7328,-0.86902,-0.97321
0.97261,0.93833,0.76643,0.58941,0.41748,0.30729,0.20508,0.10026,-0.037052,-0.16322
0.96152,0.95061,0.70886,0.35607,0.072545,-0.072654,-0.19861,-0.32179,-0.42938,-0.59646
0.97423,0.86752,0.44098,0.0084018,-0.2075,-0.44968,-0.60562,-0.69556,-0.80262,-0.91237
0.97441,0.94128,0.94583,0.905,0.78588,0.62148,0.47344,0.32572,0.14633,-0.01345
1.0123,1.0021,0.8381,0.56421,0.23138,0.11811,0.0040238,-0.14015,-0.2469,-0.44061
0.95949,0.90285,0.57791,0.24545,-0.029041,-0.23682,-0.4177,-0.54616,-0.64115,-0.75794
1.0142,1.0296,0.94223,0.77633,0.6315,0.46647,0.31845,0.17234,0.024023,-0.10205
0.92572,0.80321,0.26596,-0.2316,-0.64554,-0.73415,-0.76903,-0.81803,-0.91721,-1.0138
0.957,0.92002,0.64663,0.34189,0.026664,-0.11829,-0.30294,-0.46482,-0.58021,-0.74617
0.94489,0.7727,0.24677,-0.26992,-0.64343,-0.89288,-1.0179,-1.1607,-1.3555,-1.4743
0.97586,0.90654,0.64819,0.29485,-0.007421,-0.17633,-0.33147,-0.45394,-0.66356,-0.83275
0.9915,0.93422,0.72312,0.40279,0.23675,0.017022,-0.1422,-0.29706,-0.4974,-0.6448
0.95385,0.83529,0.41009,-0.01966,-0.32682,-0.56311,-0.73137,-0.8287,-0.91265,-1.0332
0.95951,0.84155,0.44467,-0.10211,-0.5077,-0.72531,-0.87079,-0.94298,-1.0669,-1.1937
1.0132,1.0437,1.1153,1.0188,0.88788,0.71978,0.57828,0.44735,0.33371,0.15799
